"","img.ID","comp.sum.img","comp.sum.RF.bio","comp.sum.EBI.bio","comp.prop.EBI.bio","comp.sum.RF.CR","comp.prop.RF.CR","comp.pustct.EBI.CR","comp.avgpust.EBI.CR","comp.sum.EBI.CR","comp.prop.EBI.CR","comp.sum.RF.SR","comp.prop.RF.SR","comp.pustct.EBI.SR","comp.avgpust.EBI.SR","comp.sum.EBI.SR","comp.prop.EBI.SR"
"1","n001_PRG_6420.jpg",1097679,122625,128733,0.117277455430959,932,0.00723979088501006,36,57.1388888888889,2057,0.015978808852431,1133,0.00880116209518927,16,75.5625,1209,0.00939153130898837
"2","n002_PRG_6457.jpg",856217,121177,130507,0.152422808703868,2564,0.0196464557456688,115,57.4695652173913,6609,0.0506409617874903,550,0.00421433333077919,5,59.6,298,0.00228340242285854
"3","n003_PRG_6508.jpg",849370,20191,35095,0.041318859860838,0,0,0,NA,0,0,0,0,0,NA,0,0
